sequence,label
NLPL,1
NFKLL,1
PFGLFP,1
YFPDHF,1
YFPFH,1
QGRTLYGFGG,1
LCACCLHNCNECQ,1
YLP,1
RARPRF,1
DWYGFGDW,1
YGGFLKTTKS,1
YGGFLAKYP,1
VLVLDTDYKK,1
VGINYWLAHK,1
FPPWF,1
FPPWVL,1
GW,1
IL,1
FGP,1
LPGL,1
GKTTKSENLYFQ,1
LRRFSTAPFAFIDINDVINF,1
QKRRTCK,1
FPADTGDLTY,1
FWERCSRWLLN,1
GHKGHK,1
KT,1
NFF,1
PMRG,1
YPSKPDNPGEDAPAEDMARYYSALRHYINLITRQRY,1
GEKG,1
KTTKS,1
AH,1
EARPALLTSRLRFIPK,1
EEMQRR,1
NW,1
FVAPFP,1
EWFTFLKEAGQGAKDMWR,1
GQGAKDMWR,1
MAPRGFSCLLLLTSEIDLPVKRRA,1
PPTTTKFAA,1
TA,1
MNLRLCVQALLLLWLSLTAVCGGSLMPLPDGNGLEDGNVRHLVQPRGSRNGPGPWQGGRRKFRRQRPRLSHKGPMPF,1
PKGKQQAIHVAPSF,1
PPSVSEIQLMHNRGKHLNSMERVEWLRKKLQDVHNFPP,1
AECK,1
AHSH,1
AKPTYKAKPTYKAKPTYK,1
AKRHHGYKRKFH,1
ALSSRLRA,1
ALSSRLRF,1
ALSSRLRG,1
ALSTRLRA,1
ALSTRLRF,1
ALSTRLRG,1
ALTSKLRA,1
ALTSKLRF,1
ALTSRVRA,1
ALTSRVRF,1
ALTSRVRG,1
AYDPGYKAYDPGYK,1
CKHHLGAIC,1
CNTGSPYEC,1
CPPNTDRSC,1
CPRHFNPVC,1
CQQTKNYYC,1
CTKIYDPVC,1
DRQIKIWFQNRRMKWKKRDVLPGT,1
EGKLSSNDTEGGLCKEFLHPSKVDLPR,1
FPQN,1
GAGVSAE,1
GFGGF,1
GGFGGFGI,1
GLGSR,1
GLSGL,1
GMCCSR,1
GPTPL,1
GQPR,1
GRGDSPGRALARG,1
IFGGTVYRS,1
IQPSPV,1
KARSDDLSV,1
KHNRGDEF,1
LRLK,1
MRWQEMGYIFYPRKLR,1
MVV,1
PDSTEAK,1
PISS,1
PSSRASSRASSRPRPDDLEI,1
QILSKLRL,1
RDVLPGT,1
RDVVPGG,1
RGDGANPNAAG,1
RGDGPQGPQ,1
RHKK,1
RPRPDDLEI,1
RPRPDDLEV,1
RPRPDDVPV,1
RTPKISKPIKFELSG,1
RYVSYALLAGDPSVLEDRC,1
SAGSCKCKESKSTS,1
SFKLRY,1
SGGFG,1
SKIP,1
TAKDGAP,1
VSRRRRRRGGRRRRPA,1
WRFQWQFEQ,1
YIGSR,1
AQPK,1
AQPR,1
DFPWFN,1
ELKLIFLHRLKRLRKRLKRK,1
ESKWKVMGPIWL,1
GDKA,1
GDKARYEREM,1
GEVQKP,1
GHK,1
GYYGEQQQQPGMTR,1
HAYEDHAYEDHAYEDHAYEDHAYED,1
HGPVEMPYTLLYPSSK,1
IEKI,1
IEKM,1
IGAAPG,1
IGASPG,1
IGLAPG,1
IGLMPG,1
IGVAPG,1
IGVMPG,1
IGVSPG,1
IKKL,1
IKKV,1
IKKW,1
IQKI,1
KDVY,1
KGH,1
KRQWAQFKIQWNQRW,1
KRQWVQFKIQWNQRW,1
KTFK,1
LHRLKRLRKRL,1
LHRLKRLRKRLK,1
LPA,1
MHHHHHHHHEF,1
MHHHHHHHHMKKLLFAIPLVVPFYSHSTMELE,1
MHHHHHHHHTMELE,1
MKKLLFAIPLVVPFYSHSTMELE,1
MSQQKQQSWKPPNVPKCSPPQRSNPCLAPYSTPCGAPHSEGCHSSSQRPEVQKPRRARQKLRCLSRGTTYHCKEEECEGD,1
NEQLERALNTS,1
PA,1
PEGP,1
PEGQKP,1
PEVQKG,1
PEVQKP,1
PGPP,1
PGVQKP,1
PKEK,1
PM,1
PPR,1
QAW,1
QDQLERALNTS,1
QEQLERALNSS,1
QPA,1
RPTRGDCDLPEFCPG,1
SEEGYYGEQQQQPGMTR,1
SPA,1
SPR,1
TEGDNPDLKTPG,1
TMELE,1
TVDEIVQPDPPI,1
VEKF,1
VGAAPG,1
VGASPG,1
VGLAPG,1
VGLMPG,1
VGVMPG,1
VGVSPG,1
VLPVPQK,1
WAQFKIQWSHRW,1
WVQFKIQWNQRW,1
YHEDAYHEDAYHEDAYHEDAYHEDA,1
YHEDAYHEDAYHEDAYHEDAYHEDAQSDIVAHLL,1
AVLKRLEQKGAEADQIIEYLKQQVSLLKEKAILQATLREEK,1
CKSGGAWCGFDPHGCCGNCGCLVGFCYGTGC,1
DEMRMQ,1
DQMRMQ,1
EEIRMQ,1
EEMRMQ,1
EK,1
ELIEHGGGRPAD,1
EQMRMQ,1
GPEPTGPTGAPQWLR,1
HPSKVDLPR,1
HWAWFK,1
KGAEADQIIEYLKQQ,1
KGTLNR,1
LLK,1
LPK,1
NEIRVQ,1
PEP,1
PPL,1
PQEMRMQ,1
PY,1
QDMKMN,1
QDMRMN,1
QDMRMQ,1
QEIRMQ,1
QELRMQ,1
QEMKLQ,1
QEMKMQ,1
QEMRIQ,1
QEMRLQ,1
QEMRME,1
QEMRMN,1
QEMRMQ,1
QEMRMQVY,1
QQMRMQ,1
RLEQKGAEADQIIEY,1
RQR,1
RQTRVERCHC,1
SQEMRMQT,1
TCQLRPGAQCASDGPCCQNCQLRPSGWQCRPTRGDCDLPEFCPGDSSQCPPDVSLGDG,1
TQAQLLRVGCVLGTCQVQNLSHRLWQLMGPAGRQDSAPVDPSSPHSY,1
TVN,1
TWKGKGTLNR,1
WKDEAGKPLVK,1
WKGKGTLNR,1
WTWKGDNLQNN,1
WTWKGEDKGKN,1
WTWKGETYDSK,1
WTWKGGRLSAS,1
WTWKGKGTL,1
WTWKGKGTLN,1
WTWKGKGTLNR,1
WTWKGLYQRLG,1
WTWKGNKQVKF,1
WTWKGQLGQLS,1
WTWKGRDKLQM,1
WTWKGRKSLLR,1
WTWKGRQLNNQ,1
YAGFL,1
YGGFLRKYPK,1
YKSKKGGWTH,1
YNWN,1
YNWNSFGLRF,1
AESPLTNRGWNP,1
EDEFKPPAAGR,1
EHEEHEEHEEHEPEDDPNSSEESYW,1
EMVELPLR,1
EPTVLDEVCLAHGP,1
FD,1
GGFGL,1
GPVH,1
HLGLEEPKK,1
ILGRWCG,1
KIFK,1
KIFKF,1
KNAK,1
KSGK,1
KSGR,1
KTEETGNRSGRRRQRRKKRGY,1
KTPPTTP,1
KWGGGRY,1
KYIK,1
LDALEPDNR,1
LKSGR,1
LW,1
MASVPTK,1
MLDTNIQSRPNL,1
MQIFVK,1
MTPTGAG,1
MVWGP,1
NYGRKKRRQRRRPKPRVTWNKKGKKVNSQRFKFERQKILDQRFFEC,1
PRPIK,1
PRRF,1
QKRRTCK,1
QQRFEWEFEQQ,1
QRIKYIKP,1
RPIK,1
RTCK,1
SGRDP,1
SRNGTEET,1
SYSGVLFFLK,1
TGSYTEGWS,1
TKSGKF,1
TLGLRPVPVATT,1
VGVAPG,1
VKNAKY,1
VLNIPEHFTAQN,1
VVLIGDSGVGK,1
WKVRQRNKKVQQQESQTA,1
WKVRQRNKKVQQQESQTALVVNQRCLFA,1
WKVRQRSKKAQQQESQTALVANQRSLFA,1
WV,1
YFVP,1
YGRKKRRERRRGSRNGTEETK,1
YGRKKRRQRRRVQPYSTVVHSKFERQKILDQRFFE,1
CGPANVETC,1
DKPLIPEGP,1
DYKV,1
FQGTFPDGFLWAVGSAAYQTEGGWQQHGKG,1
GPANVEKEKEK,1
GPANVET,1
GPLGPIGPPGLP,1
HWFK,1
KGWPGTPG,1
KVKVGPANVKVKV,1
LHWFRA,1
NPGPHGQPGPPGP,1
PGAPGSSGPKG,1
QPVVTLYHWDLPQRLQDAYGGWANRALADH,1
TFFK,1
VAEGAQCINKIPA,1
DYVP,0
GDPPY,0
HCKFWF,0
LLVEGT,0
PYGFV,0
EKYTEIPEYV,0
IFGAIWNGIKSLF,0
GKR,0
CKKKRC,0
GYIEAEVI,0
FHAVPQSFYT,0
RRWWRWWRR,0
VWTVWGTIAG,0
RRWWWRWRRW,0
LIKRK,0
CRKKKC,0
yf,0
Pr,0
CLB,0
KKKR,0
ILKKLWEGVKSI,0
FNMTKAVEMVNIAGNWSCTS,0
afaKlKK,0
EEQAKTFLDK,0
LKKLFKKILKY,0
WAIVLL,0
wS,0
GKR,0
YwKV,0
GLWNSIKIAGKKLFVNVLDKIRCKVAGGCKTSPDVE,0
LEYS,0
AMVGT,0
Gv,0
VARGWKRKCPLFGKGG,0
ACKFWW,0
YC,0
WRWFIH,0
IHKFWRCRRRFCRWFKHI,0
VLPILLLVA,0
GLLTNVLGFLKKAGKGVLSGLLPL,0
RQIKIWFQN,0
WS,0
IPVLCPVCTSLVGKLIDLVLGGAVDKVTDYLETLCAKADGLVETLCTKIVSYGIDKLIEKILEGGSAKLICGLIHAC,0
LNLKALLAAAKKIL,0
TTPVCAVAATAAASSAACGWVGGGIFTGVTVVVSLKHC,0
LCLN,0
LCLE,0
GLHKVMREVLGYERNSYK,0
WIIFRIAATHKK,0
GRGDSPRR,0
TLLFLKVP,0
RIWVIRWR,0
Brrrrrrr,0
VTACITFC,0
FFFFRRRR,0
APRKNLKW,0
AFRKQLKW,0
ANPRYPYT,0
RNPSQVGD,0
APRRQLKW,0
ykqchkkGGkkGsG,0
VKLRSLLCS,0
CGNKRTRGC,0
MIIYRALIS,0
VLPIALLVL,0
RKFRWWVIR,0
RCFCRRGVC,0
CWMSPRHLGTCGRKKRRQRRRPPQ,0
MRPEIWFAQEFDRAGDEVNAYYARRVZ,0
LLLE,0
CPFVFLE,0
LLEYS,0
FFFFRRRR,0
GVLVQ,0
FYPFG,0
RRRRRR,0
FVFLM,0
FpFW,0
VRRFPAWWPFLRR,0
CRGDKGPDC,0
RKTWFW,0
WRKFWKYLK,0
RWRWRWRW,0
KRKK,0
RRKKVALLAVLLALLA,0
RRR,0
AFALKKK,0
LCLR,0
QLLKKVRTWYRKAWHLYGKV,0
RNLCWSKD,0
KWLLKWL,0
YAVVNDL,0
VWRHWRRFWHR,0
rRrGrKkRr,0
LLEL,0
ALYLAIRRR,0
rlrlriGrr,0
MIIYRDAIS,0
LKlLKKLlkKLLkLL,0
GKPRPYLPRPTSHPRPIRV,0
FIGALLGPLLNLLK,0
VKLPPP,0
FPPWM,0
LCLH,0
WRWWKWW,0
ALWKTLLKKVLKAAAK,0
YAGAVVNDL,0
FYPVG,0
GVLV,0
DEVD,0
ILIKRK,0
RLIKRIKTWYRKAWKVVGKF,0
LRLRLKTRLRLK,0
icir,0
KKVTMTCSAS,0
LPPWIG,0
LLR,0
ILPILSLIGGLLGK,0
GLFGILGSVAKHVLPHVIPVVAEHL,0
GKLSSLWKKLKKIIAK,0
VLRP,0
RKKK,0
KKWWKF,0
KPWERE,0
LLVEGT,0
RWWKWW,0
RRGRRG,0
RQIKIW,0
AVVNDL,0
VRWI,0
VVVR,0
RVKR,0
ERRP,0
LLLE,0
KEN,0
LNLKGLIKKVASLLN,0
NKWKKILGKIIKVVK,0
FpFw,0
KKKIIIIIKKK,0
KRIVKLlLKWLR,0
NQL,0
LLKWLKKWLKK,0
EELRVRLASHLRKLRKRLLRDADDLQKRLAVY,0
GLFDIVKKVLKLLK,0
LLGDFFRKAKEKIGKEFKRIVQR,0
MAKFASIIALLFAALVLFSAFEAPSMVEAQKLCEKSSGTWSGVCGNNNACKNQCINLEGARHGSCNYIFPYHRCICYFPC,0
NGESSADWAKN,0
HF,0
GSPE,0
HCKFAW,0
TAYFLL,0
TVYTNA,0
SAHS,0
RRWFWR,0
LLEL,0
pf,0
KKK,0
YSL,0
RLLSLIRKLIT,0
KLKLLLLLKLK,0
KKR,0
QGIGVGDNDGKRGKR,0
SPWSQCTASCGGGVQTR,0
KKR,0
KGK,0
SRSCLIVCQRLF,0
YPFPG,0
TSPLNIHNGQKL,0
IIIR,0
HCKFWI,0
ATQSHQ,0
RRKRRR,0
HAKFWW,0
GLLKRI,0
LLEYSL,0
GQHGVHG,0
GTKWLTEVWPLC,0
LIIFRILISHHH,0
GLLSVLGSVAQHVLPHVVPVIAEHL,0
SIVPIRCRSNRDCRRFCGFRGGRCTYARQCLCGY,0
NIGNSVSCLRNKGVCMPGKCAPKMKQIGTCGMPQVKCCKRK,0
INNYTSLIEELIKKSEEQQKKNEEELKKLEK,0
KPWERL,0
KWWWRW,0
HCKFWW,0
PFVFLE,0
VG,0
RRWKIVVIRWRR,0
NVlLWK,0
RIIRPIIQIIKQKIR,0
WKWRVRVTI,0
RRWWWR,0
VKRFKKFFRKLKKSV,0
IGVTVI,0
WPP,0
lcl,0
KSETKN,0
SLDC,0
SKHS,0
KKlKafa,0
Wa,0
HCKFWA,0
RRWWRF,0
RKWHFW,0
FPPWVL,0
PEVFLM,0
RMKWKK,0
FkTrVf,0
WLlVNG,0
CKKKKC,0
LLEYSI,0
PGLGFY,0
PFVFLR,0
iirkiirk,0
ILMCFS,0
CGGGYGRKKRRQRRR,0
FPYG,0
crkkrrqrrr,0
IPLVVPLC,0
ENQKMVGEAKQCKTGWACFGEDACKEKCMAKYKGVGTVTYFPFPPETIIIYCECLYDC,0
RTCESQSHRFKGPCARDSNCATVCLTEGFSGGDCRGFRRRCFCTRPC,0
WF,0
WKSYVRRWRS,0
MEPECNLNCTD,0
KKWWKKWWK,0
NRILPTLIGPL,0
LKKLLKWLKKL,0
RRLFRRILRWL,0
acwwagikqef,0
CSKSSDYQC,0
FHAVPQSFYT,0
KSLVRRWRSRW,0
WNSLAIDNLDV,0
RRLFRRILRYL,0
KRLRRVWRRWR,0
DHVTPDIAYNP,0
EPNPNEFFGLM,0
KSLRRVWRSWR,0
ACSAG,0
KKIMRTFLRR,0
KLKLLFKKKQ,0
LCLQ,0
ISKRILTGKK,0
RPFVEMYSEIPE,0
QLLQLIRKLII,0
ACDCRGDCFCGGGGIVRRADRAAVP,0
WRWWKWWK,0
FRPALIVRTKGTRL,0
LP,0
rrrrr,0
LLEY,0
MIIYRDLIA,0
LLLRLLR,0
KAaK,0
VLPIL,0
LPIP,0
LLLR,0
LCLK,0
QRFSQPTFKLPQGRLTLSRKF,0
YHLNQPF,0
CPFVFLM,0
irik,0
WRWRWRWRW,0
AYPFG,0
GL,0
RKKRRQR,0
LCAARCLAIGRR,0
TWWRWW,0
WNWTKRF,0
MAARL,0
GLFSKFAGKGIKDLIFKGVKHIGKEVGMDVIRVGIDVAGCKIKGVC,0
lclrp,0
HHHH,0
GTFAIIQ,0
RVNAAIPNIIV,0
FFFFRRRR,0
KKRK,0
WVRW,0
FYPFI,0
SKKKKTKV,0
MLLLTRRRST,0
QLWATGHFM,0
TVVTQA,0
RWLRWKTRWRLK,0
CLLFVY,0
WIDNLD,0
IWRIFRRIFRIF,0
KKLFKKILKQL,0
AKKRRQRRRAKKRRQRRR,0
LTVSPWYGCGQLGRRRHRRRPSRRRRHW,0
KRKRAVKRVGRRLKKKLARKIARLGVAF,0
PF,0
vcvr,0
KKTWWKTWWTKWSQPKKKRKV,0
GPGKWLPWLQPAYDFVTGLAKGIGKEGNKNKWKNV,0
RRWHRHWRR,0
PGMGIYLPM,0
LPGP,0
SVLSTITDMAKAAGRAALNAITGLVNQGEQ,0
LRKVWRWLRRL,0
GRWPVKT,0
IHKFWRRWFKHI,0
lclr,0
FFFLRRIF,0
KKKKVVTATYVLV,0
LLVEGT,0
GCRLYGFKIFGCG,0
LRKFRRLLRRL,0
ACYCRIPACLAGERRYGTCFYLGRVWAFCC,0
GVHG,0
FLPIVGKLLSGLF,0
